"profile_name","workbooks","last_publish","workbook_screenshot","workbook_thumbnail","last_publish_datetime"
"deepdata","https://public.tableau.com/profile/deepdata#!/vizhome/WBABelt-Boxing/Boxing-WBA",1605206260326,"https://public.tableau.com/static/images/WB/WBABelt-Boxing/Boxing-WBA/1.png","https://public.tableau.com/thumb/views/WBABelt-Boxing/Boxing-WBA",2020-11-12 18:37:40
"matthew.williams3773","https://public.tableau.com/profile/matthew.williams3773#!/vizhome/KeyboardasaParameter/Dashboard1",1605200384294,"https://public.tableau.com/static/images/Ke/KeyboardasaParameter/Dashboard1/1.png","https://public.tableau.com/thumb/views/KeyboardasaParameter/Dashboard1",2020-11-12 16:59:44
"matt.chambers","https://public.tableau.com/profile/matt.chambers#!/vizhome/redvsblue-RepublicanDemocratVoting/redvsblueRepublicanandDemocrat",1605133581124,"https://public.tableau.com/static/images/re/redvsblue-RepublicanDemocratVoting/redvsblue:RepublicanandDemocrat/1.png","https://public.tableau.com/thumb/views/redvsblue-RepublicanDemocratVoting/redvsblue:RepublicanandDemocrat",2020-11-11 22:26:21
"ant.pulley","https://public.tableau.com/profile/ant.pulley#!/vizhome/NintendoSwitchSalesAdventure/SwitchSales",1605131541659,"https://public.tableau.com/static/images/Ni/NintendoSwitchSalesAdventure/SwitchSales/1.png","https://public.tableau.com/thumb/views/NintendoSwitchSalesAdventure/SwitchSales",2020-11-11 21:52:21
"cj.mayes","https://public.tableau.com/profile/cj.mayes#!/vizhome/CircularSankeyTemplateVizConnect/CircularSankey",1605130001462,"https://public.tableau.com/static/images/Ci/CircularSankeyTemplateVizConnect/CircularSankey/1.png","https://public.tableau.com/thumb/views/CircularSankeyTemplateVizConnect/CircularSankey",2020-11-11 21:26:41
"lindsay.betzendahl","https://public.tableau.com/profile/lindsay.betzendahl#!/vizhome/BillboardTop100The1Hits/BILLBOARD",1605128171556,"https://public.tableau.com/static/images/Bi/BillboardTop100The1Hits/BILLBOARD/1.png","https://public.tableau.com/thumb/views/BillboardTop100The1Hits/BILLBOARD",2020-11-11 20:56:11
"soha.elghany","https://public.tableau.com/profile/soha.elghany#!/vizhome/Book1_16051131229260/Dashboard1",1605117161879,"https://public.tableau.com/static/images/Bo/Book1_16051131229260/Dashboard1/1.png","https://public.tableau.com/thumb/views/Book1_16051131229260/Dashboard1",2020-11-11 17:52:41
"sam.batchelor","https://public.tableau.com/profile/sam.batchelor#!/vizhome/NintendoSwitch-MM2020W45Yoshi/YoshiSoftwarebyRegionfor2020",1605069944003,"https://public.tableau.com/static/images/Ni/NintendoSwitch-MM2020W45Yoshi/YoshiSoftwarebyRegionfor2020/1.png","https://public.tableau.com/thumb/views/NintendoSwitch-MM2020W45Yoshi/YoshiSoftwarebyRegionfor2020",2020-11-11 04:45:44
"priyanka.dobhal0993","https://public.tableau.com/profile/priyanka.dobhal0993#!/vizhome/WebScraping101/HTML",1605033659088,"https://public.tableau.com/static/images/We/WebScraping101/HTML/1.png","https://public.tableau.com/thumb/views/WebScraping101/HTML",2020-11-10 18:40:59
"anjushreebv","https://public.tableau.com/profile/anjushreebv#!/vizhome/PopularDogBreedsRadialbumpchart/PopularDogBreedsV1",1605018926918,"https://public.tableau.com/static/images/Po/PopularDogBreedsRadialbumpchart/PopularDogBreedsV1/1.png","https://public.tableau.com/thumb/views/PopularDogBreedsRadialbumpchart/PopularDogBreedsV1",2020-11-10 14:35:26
"mariana.boger.netto","https://public.tableau.com/profile/mariana.boger.netto#!/vizhome/USelectionsHistoricalMajoritybyState1952-2020/USElections",1604994503092,"https://public.tableau.com/static/images/US/USelectionsHistoricalMajoritybyState1952-2020/USElections/1.png","https://public.tableau.com/thumb/views/USelectionsHistoricalMajoritybyState1952-2020/USElections",2020-11-10 07:48:23
"itsdatadan","https://public.tableau.com/profile/itsdatadan#!/vizhome/MichaelJordanScoringRadial/Dashboard1",1604960433692,"https://public.tableau.com/static/images/Mi/MichaelJordanScoringRadial/Dashboard1/1.png","https://public.tableau.com/thumb/views/MichaelJordanScoringRadial/Dashboard1",2020-11-09 22:20:33
"seahyun.kim.hailey.","https://public.tableau.com/profile/seahyun.kim.hailey.#!/vizhome/MakeoverMondayW45-NintendoSwitchSales/Dashboard1",1604895156294,"https://public.tableau.com/static/images/Ma/MakeoverMondayW45-NintendoSwitchSales/Dashboard1/1.png","https://public.tableau.com/thumb/views/MakeoverMondayW45-NintendoSwitchSales/Dashboard1",2020-11-09 04:12:36
"jeff.plattner4532","https://public.tableau.com/profile/jeff.plattner4532#!/vizhome/NBADraftGems1970-2019/NBADraftGems",1604894913650,"https://public.tableau.com/static/images/NB/NBADraftGems1970-2019/NBADraftGems/1.png","https://public.tableau.com/thumb/views/NBADraftGems1970-2019/NBADraftGems",2020-11-09 04:08:33
"judit.bekker","https://public.tableau.com/profile/judit.bekker#!/vizhome/IcelandTheLandofFireandIce/IcelandThelandoffireandice",1604855662080,"https://public.tableau.com/static/images/Ic/IcelandTheLandofFireandIce/Iceland:Thelandoffireandice/1.png","https://public.tableau.com/thumb/views/IcelandTheLandofFireandIce/Iceland:Thelandoffireandice",2020-11-08 17:14:22
"mateusz.karmalski","https://public.tableau.com/profile/mateusz.karmalski#!/vizhome/MajorGreatEarthquakes1950-2020/Dashboard1",1604847672469,"https://public.tableau.com/static/images/Ma/MajorGreatEarthquakes1950-2020/Dashboard1/1.png","https://public.tableau.com/thumb/views/MajorGreatEarthquakes1950-2020/Dashboard1",2020-11-08 15:01:12
"sivaramakrishna.yerramsetti","https://public.tableau.com/profile/sivaramakrishna.yerramsetti#!/vizhome/Functions_16046800088730/Functions",1604834815675,"https://public.tableau.com/static/images/Fu/Functions_16046800088730/Functions/1.png","https://public.tableau.com/thumb/views/Functions_16046800088730/Functions",2020-11-08 11:26:55
"stanke","https://public.tableau.com/profile/stanke#!/vizhome/WOW2020Week46CanyoubuildapremierleaguetableWorkoutWednesday/EPLTable",1604805445537,"https://public.tableau.com/static/images/WO/WOW2020Week46CanyoubuildapremierleaguetableWorkoutWednesday/EPLTable/1.png","https://public.tableau.com/thumb/views/WOW2020Week46CanyoubuildapremierleaguetableWorkoutWednesday/EPLTable",2020-11-08 03:17:25
"kevin.flerlage","https://public.tableau.com/profile/kevin.flerlage#!/vizhome/PresidentialOdds/PresidentialOdds",1604771010952,"https://public.tableau.com/static/images/Pr/PresidentialOdds/PresidentialOdds/1.png","https://public.tableau.com/thumb/views/PresidentialOdds/PresidentialOdds",2020-11-07 17:43:30
"cj.mayes","https://public.tableau.com/profile/cj.mayes#!/vizhome/FACupWinners1871-2020/FACupWinners",1604688831864,"https://public.tableau.com/static/images/FA/FACupWinners1871-2020/FACupWinners/1.png","https://public.tableau.com/thumb/views/FACupWinners1871-2020/FACupWinners",2020-11-06 18:53:51
"kelvin.tang","https://public.tableau.com/profile/kelvin.tang#!/vizhome/SimplifiedWorkbookfordecompositiontree/3-levelbar",1604658269835,"https://public.tableau.com/static/images/Si/SimplifiedWorkbookfordecompositiontree/3-levelbar/1.png","https://public.tableau.com/thumb/views/SimplifiedWorkbookfordecompositiontree/3-levelbar",2020-11-06 10:24:29
"kelvin.tang","https://public.tableau.com/profile/kelvin.tang#!/vizhome/DecompositionTreewithbarcharts/Dashboard2",1604629035084,"https://public.tableau.com/static/images/De/DecompositionTreewithbarcharts/Dashboard2/1.png","https://public.tableau.com/thumb/views/DecompositionTreewithbarcharts/Dashboard2",2020-11-06 02:17:15
"alexandervar","https://public.tableau.com/profile/alexandervar#!/vizhome/NBAHotSpotsTanaka/NBAHotSpots",1604605803127,"https://public.tableau.com/static/images/NB/NBAHotSpotsTanaka/NBAHotSpots/1.png","https://public.tableau.com/thumb/views/NBAHotSpotsTanaka/NBAHotSpots",2020-11-05 19:50:03
"josh.hughes","https://public.tableau.com/profile/josh.hughes#!/vizhome/TheDigitalGenderGap_16045318403020/TheDigitalGenderGap",1604532217717,"https://public.tableau.com/static/images/Th/TheDigitalGenderGap_16045318403020/TheDigitalGenderGap/1.png","https://public.tableau.com/thumb/views/TheDigitalGenderGap_16045318403020/TheDigitalGenderGap",2020-11-04 23:23:37
"zainab2225","https://public.tableau.com/profile/zainab2225#!/vizhome/DigitalgendergapMakeoverMondayMMW44/Gendergap",1604517777596,"https://public.tableau.com/static/images/Di/DigitalgendergapMakeoverMondayMMW44/Gendergap/1.png","https://public.tableau.com/thumb/views/DigitalgendergapMakeoverMondayMMW44/Gendergap",2020-11-04 19:22:57
"irene7753","https://public.tableau.com/profile/irene7753#!/vizhome/draft1_16036629725460/DashboardCropandYield",1604488426717,"https://public.tableau.com/static/images/dr/draft1_16036629725460/Dashboard:CropandYield/1.png","https://public.tableau.com/thumb/views/draft1_16036629725460/Dashboard:CropandYield",2020-11-04 11:13:46
"pablosdt","https://public.tableau.com/profile/pablosdt#!/vizhome/SalesforceOpportunitiesOverview/OpportunitiesOverview",1604481689615,"https://public.tableau.com/static/images/Sa/SalesforceOpportunitiesOverview/OpportunitiesOverview/1.png","https://public.tableau.com/thumb/views/SalesforceOpportunitiesOverview/OpportunitiesOverview",2020-11-04 09:21:29
"itsdatadan","https://public.tableau.com/profile/itsdatadan#!/vizhome/WOW2020Week10-BufferCalculation/Intermediate",1604446408278,"https://public.tableau.com/static/images/WO/WOW2020Week10-BufferCalculation/Intermediate/1.png","https://public.tableau.com/thumb/views/WOW2020Week10-BufferCalculation/Intermediate",2020-11-03 23:33:28
"james.goodall","https://public.tableau.com/profile/james.goodall#!/vizhome/MakeoverMonday-Week44-TheDigitalGenderGap/MakeoverMonday-Week44-TheDigitalGenderGap",1604440937666,"https://public.tableau.com/static/images/Ma/MakeoverMonday-Week44-TheDigitalGenderGap/MakeoverMonday-Week44-TheDigitalGenderGap/1.png","https://public.tableau.com/thumb/views/MakeoverMonday-Week44-TheDigitalGenderGap/MakeoverMonday-Week44-TheDigitalGenderGap",2020-11-03 22:02:17
"faris.ghunaim","https://public.tableau.com/profile/faris.ghunaim#!/vizhome/WorldwidePassportIndex/WorldwidePassportIndex",1604433721702,"https://public.tableau.com/static/images/Wo/WorldwidePassportIndex/WorldwidePassportIndex/1.png","https://public.tableau.com/thumb/views/WorldwidePassportIndex/WorldwidePassportIndex",2020-11-03 20:02:01
"kevin.wee","https://public.tableau.com/profile/kevin.wee#!/vizhome/20201101_MoM_FemaleAccesstoInternetandMobile/Dashboard",1604422970599,"https://public.tableau.com/static/images/20/20201101_MoM_FemaleAccesstoInternetandMobile/Dashboard/1.png","https://public.tableau.com/thumb/views/20201101_MoM_FemaleAccesstoInternetandMobile/Dashboard",2020-11-03 17:02:50
"seffana.mohamed.ajaz","https://public.tableau.com/profile/seffana.mohamed.ajaz#!/vizhome/DigitalGenderGap_16044085732060/DigitalGenderGap",1604420745625,"https://public.tableau.com/static/images/Di/DigitalGenderGap_16044085732060/DigitalGenderGap/1.png","https://public.tableau.com/thumb/views/DigitalGenderGap_16044085732060/DigitalGenderGap",2020-11-03 16:25:45
"simon.beaumont","https://public.tableau.com/profile/simon.beaumont#!/vizhome/MakeoverMonday2020-Week44TheDigitalGenderDivide/MakeoverMonday2020-Week44TheDigitalGenderDivide",1604420688534,"https://public.tableau.com/static/images/Ma/MakeoverMonday2020-Week44TheDigitalGenderDivide/MakeoverMonday2020-Week44TheDigitalGenderDivide/1.png","https://public.tableau.com/thumb/views/MakeoverMonday2020-Week44TheDigitalGenderDivide/MakeoverMonday2020-Week44TheDigitalGenderDivide",2020-11-03 16:24:48
"francisco4773","https://public.tableau.com/profile/francisco4773#!/vizhome/DigitalGenderGap_16043767070660/Final",1604409243917,"https://public.tableau.com/static/images/Di/DigitalGenderGap_16043767070660/Final/1.png","https://public.tableau.com/thumb/views/DigitalGenderGap_16043767070660/Final",2020-11-03 13:14:03
"lisa.rapp","https://public.tableau.com/profile/lisa.rapp#!/vizhome/TheDigitalGenderGap_16043480081440/DigitalGenderGap",1604386767679,"https://public.tableau.com/static/images/Th/TheDigitalGenderGap_16043480081440/DigitalGenderGap/1.png","https://public.tableau.com/thumb/views/TheDigitalGenderGap_16043480081440/DigitalGenderGap",2020-11-03 06:59:27
"alisha7755","https://public.tableau.com/profile/alisha7755#!/vizhome/MakeoverMonday-TheDigitalGenderGap/Dashboard12",1604349524016,"https://public.tableau.com/static/images/Ma/MakeoverMonday-TheDigitalGenderGap/Dashboard1(2)/1.png","https://public.tableau.com/thumb/views/MakeoverMonday-TheDigitalGenderGap/Dashboard1(2)",2020-11-02 20:38:44
"adam.green4310","https://public.tableau.com/profile/adam.green4310#!/vizhome/WisforWin/WisforWin",1604349250274,"https://public.tableau.com/static/images/Wi/WisforWin/WisforWin/1.png","https://public.tableau.com/thumb/views/WisforWin/WisforWin",2020-11-02 20:34:10
"judit.bekker","https://public.tableau.com/profile/judit.bekker#!/vizhome/EasternBloc-StalinistArchitecture/Eastern_bloc",1604332753180,"https://public.tableau.com/static/images/Ea/EasternBloc-StalinistArchitecture/Eastern_bloc/1.png","https://public.tableau.com/thumb/views/EasternBloc-StalinistArchitecture/Eastern_bloc",2020-11-02 15:59:13
"judit.bekker","https://public.tableau.com/profile/judit.bekker#!/vizhome/Budapest_15925817387690/BP",1604332728580,"https://public.tableau.com/static/images/Bu/Budapest_15925817387690/BP/1.png","https://public.tableau.com/thumb/views/Budapest_15925817387690/BP",2020-11-02 15:58:48
"yvette","https://public.tableau.com/profile/yvette#!/vizhome/InflationGradientTechnique/Inflation-GradientTechnique",1604331320567,"https://public.tableau.com/static/images/In/InflationGradientTechnique/Inflation-GradientTechnique/1.png","https://public.tableau.com/thumb/views/InflationGradientTechnique/Inflation-GradientTechnique",2020-11-02 15:35:20
"lindsay.betzendahl","https://public.tableau.com/profile/lindsay.betzendahl#!/vizhome/TheAgingPresident/TheAgingPresident",1604329379106,"https://public.tableau.com/static/images/Th/TheAgingPresident/TheAgingPresident/1.png","https://public.tableau.com/thumb/views/TheAgingPresident/TheAgingPresident",2020-11-02 15:02:59
"dorian.barosan","https://public.tableau.com/profile/dorian.barosan#!/vizhome/ROMANIANRIVERS/RIVERS",1604328697568,"https://public.tableau.com/static/images/RO/ROMANIANRIVERS/RIVERS/1.png","https://public.tableau.com/thumb/views/ROMANIANRIVERS/RIVERS",2020-11-02 14:51:37
"robradburn","https://public.tableau.com/profile/robradburn#!/vizhome/WhatLiesBeneath_16042502663070/WhatLiesBeneath",1604261360822,"https://public.tableau.com/static/images/Wh/WhatLiesBeneath_16042502663070/WhatLiesBeneath/1.png","https://public.tableau.com/thumb/views/WhatLiesBeneath_16042502663070/WhatLiesBeneath",2020-11-01 20:09:20
"ghafar.shah2168","https://public.tableau.com/profile/ghafar.shah2168#!/vizhome/JackOLanterns/JackOLanterns",1604185859817,"https://public.tableau.com/static/images/Ja/JackOLanterns/JackO'Lanterns/1.png","https://public.tableau.com/thumb/views/JackOLanterns/JackO'Lanterns",2020-10-31 23:10:59
"ken.flerlage","https://public.tableau.com/profile/ken.flerlage#!/vizhome/VisualizingthePresidentialElection/Title",1604158687857,"https://public.tableau.com/static/images/Vi/VisualizingthePresidentialElection/Title/1.png","https://public.tableau.com/thumb/views/VisualizingthePresidentialElection/Title",2020-10-31 15:38:07
"adam.e.mccann","https://public.tableau.com/profile/adam.e.mccann#!/vizhome/BruceLive/BruceLive",1604061359195,"https://public.tableau.com/static/images/Br/BruceLive/BruceLive/1.png","https://public.tableau.com/thumb/views/BruceLive/BruceLive",2020-10-30 12:35:59
"steven.shoemaker","https://public.tableau.com/profile/steven.shoemaker#!/vizhome/Movies_16039955506990/Dashboard1",1604017794817,"https://public.tableau.com/static/images/Mo/Movies_16039955506990/Dashboard1/1.png","https://public.tableau.com/thumb/views/Movies_16039955506990/Dashboard1",2020-10-30 00:29:54
"andy.kriebel","https://public.tableau.com/profile/andy.kriebel#!/vizhome/HowtoCreateaVennDiagram/Cover",1603902463457,"https://public.tableau.com/static/images/Ho/HowtoCreateaVennDiagram/Cover/1.png","https://public.tableau.com/thumb/views/HowtoCreateaVennDiagram/Cover",2020-10-28 16:27:43
"shuhei.saito","https://public.tableau.com/profile/shuhei.saito#!/vizhome/Concentration_16037855839230/Concentration",1603845184605,"https://public.tableau.com/static/images/Co/Concentration_16037855839230/Concentration/1.png","https://public.tableau.com/thumb/views/Concentration_16037855839230/Concentration",2020-10-28 00:33:04
"josh.hughes","https://public.tableau.com/profile/josh.hughes#!/vizhome/ApparelExportstoUS_16038423185220/ApparelExports",1603843093919,"https://public.tableau.com/static/images/Ap/ApparelExportstoUS_16038423185220/ApparelExports/1.png","https://public.tableau.com/thumb/views/ApparelExportstoUS_16038423185220/ApparelExports",2020-10-27 23:58:13
"deepdata","https://public.tableau.com/profile/deepdata#!/vizhome/PeleGoals_16038306375630/PeleGoals",1603830637559,"https://public.tableau.com/static/images/Pe/PeleGoals_16038306375630/PeleGoals/1.png","https://public.tableau.com/thumb/views/PeleGoals_16038306375630/PeleGoals",2020-10-27 20:30:37
"sparsonsdataviz","https://public.tableau.com/profile/sparsonsdataviz#!/vizhome/CurriculumVitae-Resume/CVResume",1603814050647,"https://public.tableau.com/static/images/Cu/CurriculumVitae-Resume/CV/Resume/1.png","https://public.tableau.com/thumb/views/CurriculumVitae-Resume/CV/Resume",2020-10-27 15:54:10
"p.padham","https://public.tableau.com/profile/p.padham#!/vizhome/MakeoverMondayApparelExportstotheUS/ApparelExports",1603733236702,"https://public.tableau.com/static/images/Ma/MakeoverMondayApparelExportstotheUS/ApparelExports/1.png","https://public.tableau.com/thumb/views/MakeoverMondayApparelExportstotheUS/ApparelExports",2020-10-26 17:27:16
"candra4181","https://public.tableau.com/profile/candra4181#!/vizhome/TableauStarterKit-CreatorTemplates/StarterKitWelcome",1603732304889,"https://public.tableau.com/static/images/Ta/TableauStarterKit-CreatorTemplates/StarterKitWelcome/1.png","https://public.tableau.com/thumb/views/TableauStarterKit-CreatorTemplates/StarterKitWelcome",2020-10-26 17:11:44
"candra4181","https://public.tableau.com/profile/candra4181#!/vizhome/TableauStyleGuide_16037320673780/StyleGuide-1-Overview",1603732067375,"https://public.tableau.com/static/images/Ta/TableauStyleGuide_16037320673780/StyleGuide-1-Overview/1.png","https://public.tableau.com/thumb/views/TableauStyleGuide_16037320673780/StyleGuide-1-Overview",2020-10-26 17:07:47
"nat4755","https://public.tableau.com/profile/nat4755#!/vizhome/ViolenciaDomesticaBarcelona/ViolenciaDomesticaBarcelona",1603727331946,"https://public.tableau.com/static/images/Vi/ViolenciaDomesticaBarcelona/ViolenciaDomesticaBarcelona/1.png","https://public.tableau.com/thumb/views/ViolenciaDomesticaBarcelona/ViolenciaDomesticaBarcelona",2020-10-26 15:48:51
"simon.beaumont","https://public.tableau.com/profile/simon.beaumont#!/vizhome/Election2020-TheRoadToBeingPOTUS/Election2020-TheRoadToBecomingPOTUS",1603724592417,"https://public.tableau.com/static/images/El/Election2020-TheRoadToBeingPOTUS/Election2020-TheRoadToBecomingPOTUS/1.png","https://public.tableau.com/thumb/views/Election2020-TheRoadToBeingPOTUS/Election2020-TheRoadToBecomingPOTUS",2020-10-26 15:03:12
"jay.yeo1218","https://public.tableau.com/profile/jay.yeo1218#!/vizhome/MusicENT_Korea2017/K-PopArtists2019",1603716901911,"https://public.tableau.com/static/images/Mu/MusicENT_Korea2017/K-PopArtists2019/1.png","https://public.tableau.com/thumb/views/MusicENT_Korea2017/K-PopArtists2019",2020-10-26 12:55:01
"francisco4773","https://public.tableau.com/profile/francisco4773#!/vizhome/ApparelImport/Final",1603716667496,"https://public.tableau.com/static/images/Ap/ApparelImport/Final/1.png","https://public.tableau.com/thumb/views/ApparelImport/Final",2020-10-26 12:51:07
"anjushreebv","https://public.tableau.com/profile/anjushreebv#!/vizhome/Big4network/Big4memberfirms",1603679355674,"https://public.tableau.com/static/images/Bi/Big4network/Big4memberfirms/1.png","https://public.tableau.com/thumb/views/Big4network/Big4memberfirms",2020-10-26 02:29:15
"sarah.bartlett","https://public.tableau.com/profile/sarah.bartlett#!/vizhome/IronQuestProjectTracker/IronQuest",1603627805441,"https://public.tableau.com/static/images/Ir/IronQuestProjectTracker/IronQuest/1.png","https://public.tableau.com/thumb/views/IronQuestProjectTracker/IronQuest",2020-10-25 12:10:05
"luther.flagstad","https://public.tableau.com/profile/luther.flagstad#!/vizhome/ScrollytellingwithTableauU_S_SenatorsandPlaceofBirth/Dashboard2",1603426772983,"https://public.tableau.com/static/images/Sc/ScrollytellingwithTableauU_S_SenatorsandPlaceofBirth/Dashboard2/1.png","https://public.tableau.com/thumb/views/ScrollytellingwithTableauU_S_SenatorsandPlaceofBirth/Dashboard2",2020-10-23 05:19:32
"agata1619","https://public.tableau.com/profile/agata1619#!/vizhome/SnowfallExtremes/Dashboard1",1603377769782,"https://public.tableau.com/static/images/Sn/SnowfallExtremes/Dashboard1/1.png","https://public.tableau.com/thumb/views/SnowfallExtremes/Dashboard1",2020-10-22 15:42:49
"lawer.akrofi","https://public.tableau.com/profile/lawer.akrofi#!/vizhome/InventoryManagementDashboardWhite/Overview",1603301224979,"https://public.tableau.com/static/images/In/InventoryManagementDashboardWhite/Overview/1.png","https://public.tableau.com/thumb/views/InventoryManagementDashboardWhite/Overview",2020-10-21 18:27:04
"marc.reid","https://public.tableau.com/profile/marc.reid#!/vizhome/MapTrixChartofEUExports/MapTrix",1603277241243,"https://public.tableau.com/static/images/Ma/MapTrixChartofEUExports/MapTrix/1.png","https://public.tableau.com/thumb/views/MapTrixChartofEUExports/MapTrix",2020-10-21 11:47:21
"kathie.rosacker","https://public.tableau.com/profile/kathie.rosacker#!/vizhome/MakeoverMonday2020Week42HealthcareSpending/MM2020Week42",1603257269841,"https://public.tableau.com/static/images/Ma/MakeoverMonday2020Week42HealthcareSpending/MM2020Week42/1.png","https://public.tableau.com/thumb/views/MakeoverMonday2020Week42HealthcareSpending/MM2020Week42",2020-10-21 06:14:29
"tam.s.varga","https://public.tableau.com/profile/tam.s.varga#!/vizhome/OECDHealthSpending_16031846715740/OECDHealthSpendings",1603184671573,"https://public.tableau.com/static/images/OE/OECDHealthSpending_16031846715740/OECDHealthSpendings/1.png","https://public.tableau.com/thumb/views/OECDHealthSpending_16031846715740/OECDHealthSpendings",2020-10-20 10:04:31
"kelvin.tang","https://public.tableau.com/profile/kelvin.tang#!/vizhome/HealthCareSpendinginUS/Dashboard1",1603151232838,"https://public.tableau.com/static/images/He/HealthCareSpendinginUS/Dashboard1/1.png","https://public.tableau.com/thumb/views/HealthCareSpendinginUS/Dashboard1",2020-10-20 00:47:12
"louise.shorten","https://public.tableau.com/profile/louise.shorten#!/vizhome/BreastfeedingViz171020/BreastfeedingJourneyV2",1603139395873,"https://public.tableau.com/static/images/Br/BreastfeedingViz171020/BreastfeedingJourneyV2/1.png","https://public.tableau.com/thumb/views/BreastfeedingViz171020/BreastfeedingJourneyV2",2020-10-19 21:29:55
"tamas.gaspar","https://public.tableau.com/profile/tamas.gaspar#!/vizhome/GalaxyofPrimes/GalaxyofPrimes",1603137586255,"https://public.tableau.com/static/images/Ga/GalaxyofPrimes/GalaxyofPrimes/1.png","https://public.tableau.com/thumb/views/GalaxyofPrimes/GalaxyofPrimes",2020-10-19 20:59:46
"jasmine.lim","https://public.tableau.com/profile/jasmine.lim#!/vizhome/AppleInc-FinancialHighlights/Dashboard",1603101738540,"https://public.tableau.com/static/images/Ap/AppleInc-FinancialHighlights/Dashboard/1.png","https://public.tableau.com/thumb/views/AppleInc-FinancialHighlights/Dashboard",2020-10-19 11:02:18
"jrcopreros","https://public.tableau.com/profile/jrcopreros#!/vizhome/TorontoCityandColour/Final",1603054255088,"https://public.tableau.com/static/images/To/TorontoCityandColour/Final/1.png","https://public.tableau.com/thumb/views/TorontoCityandColour/Final",2020-10-18 21:50:55
"lisa.rapp","https://public.tableau.com/profile/lisa.rapp#!/vizhome/HealthSpending_16030412879300/HealthSpending",1603041287928,"https://public.tableau.com/static/images/He/HealthSpending_16030412879300/HealthSpending/1.png","https://public.tableau.com/thumb/views/HealthSpending_16030412879300/HealthSpending",2020-10-18 18:14:47
"kevin.flerlage","https://public.tableau.com/profile/kevin.flerlage#!/vizhome/WorldSeries-TenYearsinReview/WorldSeries-TenYearReview",1602957115136,"https://public.tableau.com/static/images/Wo/WorldSeries-TenYearsinReview/WorldSeries-TenYearReview/1.png","https://public.tableau.com/thumb/views/WorldSeries-TenYearsinReview/WorldSeries-TenYearReview",2020-10-17 18:51:55
"autumnbattani","https://public.tableau.com/profile/autumnbattani#!/vizhome/YourVoteMatters/VOTE",1602950735562,"https://public.tableau.com/static/images/Yo/YourVoteMatters/VOTE/1.png","https://public.tableau.com/thumb/views/YourVoteMatters/VOTE",2020-10-17 17:05:35
"mateusz.karmalski","https://public.tableau.com/profile/mateusz.karmalski#!/vizhome/SpaceRace_16029283688270/SpaceRace",1602928368825,"https://public.tableau.com/static/images/Sp/SpaceRace_16029283688270/SpaceRace/1.png","https://public.tableau.com/thumb/views/SpaceRace_16029283688270/SpaceRace",2020-10-17 10:52:48
"autumnbattani","https://public.tableau.com/profile/autumnbattani#!/vizhome/TheOriginofBoxOfficeHits/Originals",1602858094292,"https://public.tableau.com/static/images/Th/TheOriginofBoxOfficeHits/Originals/1.png","https://public.tableau.com/thumb/views/TheOriginofBoxOfficeHits/Originals",2020-10-16 15:21:34
"zainab2225","https://public.tableau.com/profile/zainab2225#!/vizhome/BrutalisedbySARSENDSARSPoliceBrutalityinNigeria/Dashboard1",1602802701232,"https://public.tableau.com/static/images/Br/BrutalisedbySARSENDSARSPoliceBrutalityinNigeria/Dashboard1/1.png","https://public.tableau.com/thumb/views/BrutalisedbySARSENDSARSPoliceBrutalityinNigeria/Dashboard1",2020-10-15 23:58:21
"kimly.scott","https://public.tableau.com/profile/kimly.scott#!/vizhome/coloursoftheauroras/coloursoftheauroras",1602757477304,"https://public.tableau.com/static/images/co/coloursoftheauroras/coloursoftheauroras/1.png","https://public.tableau.com/thumb/views/coloursoftheauroras/coloursoftheauroras",2020-10-15 11:24:37
"peter.james.walker","https://public.tableau.com/profile/peter.james.walker#!/vizhome/COVID-19attheWhiteHouse-ContactTracking/Home",1602707375048,"https://public.tableau.com/static/images/CO/COVID-19attheWhiteHouse-ContactTracking/Home/1.png","https://public.tableau.com/thumb/views/COVID-19attheWhiteHouse-ContactTracking/Home",2020-10-14 21:29:35
"alisha7755","https://public.tableau.com/profile/alisha7755#!/vizhome/AlishaDhillon-Resume/AlishaCV",1602620412936,"https://public.tableau.com/static/images/Al/AlishaDhillon-Resume/AlishaCV/1.png","https://public.tableau.com/thumb/views/AlishaDhillon-Resume/AlishaCV",2020-10-13 21:20:12
"rafael.centeno","https://public.tableau.com/profile/rafael.centeno#!/vizhome/DataAssetsDataCulture_16025990200860/DataAssetsDataCulture",1602599148137,"https://public.tableau.com/static/images/Da/DataAssetsDataCulture_16025990200860/DataAssets&DataCulture/1.png","https://public.tableau.com/thumb/views/DataAssetsDataCulture_16025990200860/DataAssets&DataCulture",2020-10-13 15:25:48
"tam.s.varga","https://public.tableau.com/profile/tam.s.varga#!/vizhome/Dataassetsandculture/Dataassetsandculture",1602586723683,"https://public.tableau.com/static/images/Da/Dataassetsandculture/Dataassetsandculture/1.png","https://public.tableau.com/thumb/views/Dataassetsandculture/Dataassetsandculture",2020-10-13 11:58:43
"satoshi.ganeko","https://public.tableau.com/profile/satoshi.ganeko#!/vizhome/TabjoConferenceViz/sheet0",1602385496345,"https://public.tableau.com/static/images/Ta/TabjoConferenceViz/<U+30BF><U+30A4><U+30C8><U+30EB>/1.png","https://public.tableau.com/thumb/views/TabjoConferenceViz/<U+30BF><U+30A4><U+30C8><U+30EB>",2020-10-11 04:04:56
"thecfelix","https://public.tableau.com/profile/thecfelix#!/vizhome/TheAirWeBreatheIronVizFinal/TheAirWeBreatheIronVizFinal",1602270673169,"https://public.tableau.com/static/images/Th/TheAirWeBreatheIronVizFinal/TheAirWeBreathe|IronVizFinal/1.png","https://public.tableau.com/thumb/views/TheAirWeBreatheIronVizFinal/TheAirWeBreathe|IronVizFinal",2020-10-09 20:11:13
"lukas.jennings","https://public.tableau.com/profile/lukas.jennings#!/vizhome/CV_16022456995430/CV",1602262067931,"https://public.tableau.com/static/images/CV/CV_16022456995430/CV/1.png","https://public.tableau.com/thumb/views/CV_16022456995430/CV",2020-10-09 17:47:47
"lorna.eden","https://public.tableau.com/profile/lorna.eden#!/vizhome/Data20SpeedTippingFavourites/Slide3",1602152744450,"https://public.tableau.com/static/images/Da/Data20SpeedTippingFavourites/Slide(3)/1.png","https://public.tableau.com/thumb/views/Data20SpeedTippingFavourites/Slide(3)",2020-10-08 11:25:44
"guillevin","https://public.tableau.com/profile/guillevin#!/vizhome/IRONVIZ-TheHousingMarketRollercoaster/THEHOUSINGMARKETROLLERCOASTER",1602103614952,"https://public.tableau.com/static/images/IR/IRONVIZ-TheHousingMarketRollercoaster/THEHOUSINGMARKETROLLERCOASTER/1.png","https://public.tableau.com/thumb/views/IRONVIZ-TheHousingMarketRollercoaster/THEHOUSINGMARKETROLLERCOASTER",2020-10-07 21:46:54
"jeffrey.shaffer","https://public.tableau.com/profile/jeffrey.shaffer#!/vizhome/SpeedTippingFavoritesDATA20/TITLE",1602084910562,"https://public.tableau.com/static/images/Sp/SpeedTippingFavoritesDATA20/TITLE/1.png","https://public.tableau.com/thumb/views/SpeedTippingFavoritesDATA20/TITLE",2020-10-07 16:35:10
"andy.kriebel","https://public.tableau.com/profile/andy.kriebel#!/vizhome/VisualVocabulary/VisualVocabulary",1602065410306,"https://public.tableau.com/static/images/Vi/VisualVocabulary/VisualVocabulary/1.png","https://public.tableau.com/thumb/views/VisualVocabulary/VisualVocabulary",2020-10-07 11:10:10
"michelle.frayman","https://public.tableau.com/profile/michelle.frayman#!/vizhome/MM2020Week40-USEconomicOutputV1/USEcomomicOutput",1601987069099,"https://public.tableau.com/static/images/MM/MM2020Week40-USEconomicOutputV1/USEcomomicOutput/1.png","https://public.tableau.com/thumb/views/MM2020Week40-USEconomicOutputV1/USEcomomicOutput",2020-10-06 13:24:29
"garycollins24","https://public.tableau.com/profile/garycollins24#!/vizhome/ItsTimetoRelax/ItsTimetoRelax",1601983769642,"https://public.tableau.com/static/images/It/ItsTimetoRelax/ItsTimetoRelax/1.png","https://public.tableau.com/thumb/views/ItsTimetoRelax/ItsTimetoRelax",2020-10-06 12:29:29
"dorian.barosan","https://public.tableau.com/profile/dorian.barosan#!/vizhome/EconomicoutputinU_S_Counties/Dashboard",1601919562023,"https://public.tableau.com/static/images/Ec/EconomicoutputinU_S_Counties/Dashboard/1.png","https://public.tableau.com/thumb/views/EconomicoutputinU_S_Counties/Dashboard",2020-10-05 18:39:22
"kevin.flerlage","https://public.tableau.com/profile/kevin.flerlage#!/vizhome/StreetFighter/StreetFighter",1601913493227,"https://public.tableau.com/static/images/St/StreetFighter/StreetFighter/1.png","https://public.tableau.com/thumb/views/StreetFighter/StreetFighter",2020-10-05 16:58:13
"kevin.flerlage","https://public.tableau.com/profile/kevin.flerlage#!/vizhome/YouSerious/YouSerious",1601912857709,"https://public.tableau.com/static/images/Yo/YouSerious/YouSerious/1.png","https://public.tableau.com/thumb/views/YouSerious/YouSerious",2020-10-05 16:47:37
"tam.s.varga","https://public.tableau.com/profile/tam.s.varga#!/vizhome/TheeconomicoutputofstatesandcountiesoftheUS/TheeconomicoutputofstatesandcountiesoftheUS",1601904001732,"https://public.tableau.com/static/images/Th/TheeconomicoutputofstatesandcountiesoftheUS/TheeconomicoutputofstatesandcountiesoftheUS/1.png","https://public.tableau.com/thumb/views/TheeconomicoutputofstatesandcountiesoftheUS/TheeconomicoutputofstatesandcountiesoftheUS",2020-10-05 14:20:01
"autumnbattani","https://public.tableau.com/profile/autumnbattani#!/vizhome/September_16018188915860/SeptProjects",1601824774991,"https://public.tableau.com/static/images/Se/September_16018188915860/SeptProjects/1.png","https://public.tableau.com/thumb/views/September_16018188915860/SeptProjects",2020-10-04 16:19:34
"vinodh","https://public.tableau.com/profile/vinodh#!/vizhome/ManualScavengingDeaths-India-SDG/Desktop_Story",1601794497228,"https://public.tableau.com/static/images/Ma/ManualScavengingDeaths-India-SDG/Desktop_Story/1.png","https://public.tableau.com/thumb/views/ManualScavengingDeaths-India-SDG/Desktop_Story",2020-10-04 07:54:57
"eve.thomas","https://public.tableau.com/profile/eve.thomas#!/vizhome/UKPOLICESTATS-TheGenderDivide/UKPoliceStats-GenderSplit",1601727921712,"https://public.tableau.com/static/images/UK/UKPOLICESTATS-TheGenderDivide/UKPoliceStats-GenderSplit/1.png","https://public.tableau.com/thumb/views/UKPOLICESTATS-TheGenderDivide/UKPoliceStats-GenderSplit",2020-10-03 13:25:21
"wendy.shijia","https://public.tableau.com/profile/wendy.shijia#!/vizhome/BurjKhalifaDubaiTower/Thetower",1601564261560,"https://public.tableau.com/static/images/Bu/BurjKhalifaDubaiTower/Thetower/1.png","https://public.tableau.com/thumb/views/BurjKhalifaDubaiTower/Thetower",2020-10-01 15:57:41
"autumnbattani","https://public.tableau.com/profile/autumnbattani#!/vizhome/AutumnsDeclassifiedTableauSurvivalGuide/Main",1601314610723,"https://public.tableau.com/static/images/Au/AutumnsDeclassifiedTableauSurvivalGuide/Main/1.png","https://public.tableau.com/thumb/views/AutumnsDeclassifiedTableauSurvivalGuide/Main",2020-09-28 18:36:50
"p.padham","https://public.tableau.com/profile/p.padham#!/vizhome/OurSolarSystem_16007110685010/OurSolarSystem",1601246617535,"https://public.tableau.com/static/images/Ou/OurSolarSystem_16007110685010/OurSolarSystem/1.png","https://public.tableau.com/thumb/views/OurSolarSystem_16007110685010/OurSolarSystem",2020-09-27 23:43:37
"alexandervar","https://public.tableau.com/profile/alexandervar#!/vizhome/LiquidMeasures/LiquidMeasures",1601226355861,"https://public.tableau.com/static/images/Li/LiquidMeasures/LiquidMeasures/1.png","https://public.tableau.com/thumb/views/LiquidMeasures/LiquidMeasures",2020-09-27 18:05:55
"will7508","https://public.tableau.com/profile/will7508#!/vizhome/TheBeerMileWorldRecords/TheTop1000BeerMilePerformances",1601029502572,"https://public.tableau.com/static/images/Th/TheBeerMileWorldRecords/TheTop1000BeerMilePerformances/1.png","https://public.tableau.com/thumb/views/TheBeerMileWorldRecords/TheTop1000BeerMilePerformances",2020-09-25 11:25:02
"simon.beaumont","https://public.tableau.com/profile/simon.beaumont#!/vizhome/IronViz-CapitalCitiesWouldYouLiveThere/CapitalCities-IronViz2020",1600883905484,"https://public.tableau.com/static/images/Ir/IronViz-CapitalCitiesWouldYouLiveThere/CapitalCities-IronViz2020/1.png","https://public.tableau.com/thumb/views/IronViz-CapitalCitiesWouldYouLiveThere/CapitalCities-IronViz2020",2020-09-23 18:58:25
"autumnbattani","https://public.tableau.com/profile/autumnbattani#!/vizhome/SchittsCreekWhichRoseAreYou/Quiz",1600883631467,"https://public.tableau.com/static/images/Sc/SchittsCreekWhichRoseAreYou/Quiz/1.png","https://public.tableau.com/thumb/views/SchittsCreekWhichRoseAreYou/Quiz",2020-09-23 18:53:51
"jana7509","https://public.tableau.com/profile/jana7509#!/vizhome/MakeoverMonday2020Week38/Dashboard",1600854287125,"https://public.tableau.com/static/images/Ma/MakeoverMonday2020Week38/Dashboard/1.png","https://public.tableau.com/thumb/views/MakeoverMonday2020Week38/Dashboard",2020-09-23 10:44:47
"pratik4421","https://public.tableau.com/profile/pratik4421#!/vizhome/WeCare_16007412219260/WeCare",1600823444029,"https://public.tableau.com/static/images/We/WeCare_16007412219260/WeCare/1.png","https://public.tableau.com/thumb/views/WeCare_16007412219260/WeCare",2020-09-23 02:10:44
"patrick.sarsfield","https://public.tableau.com/profile/patrick.sarsfield#!/vizhome/AnthonyBourdainsTravels_16003533145040/TonysTravelsDashboard",1600816578982,"https://public.tableau.com/static/images/An/AnthonyBourdainsTravels_16003533145040/Tony'sTravelsDashboard/1.png","https://public.tableau.com/thumb/views/AnthonyBourdainsTravels_16003533145040/Tony'sTravelsDashboard",2020-09-23 00:16:18
"nir.smilga","https://public.tableau.com/profile/nir.smilga#!/vizhome/TheBeatles-SongWritersperAlbum/TheBeatlesDash",1600708035681,"https://public.tableau.com/static/images/Th/TheBeatles-SongWritersperAlbum/TheBeatlesDash/1.png","https://public.tableau.com/thumb/views/TheBeatles-SongWritersperAlbum/TheBeatlesDash",2020-09-21 18:07:15
"jusdespommes","https://public.tableau.com/profile/jusdespommes#!/vizhome/IV20Alex/IV20Alex",1600680055550,"https://public.tableau.com/static/images/IV/IV20Alex/IV20Alex/1.png","https://public.tableau.com/thumb/views/IV20Alex/IV20Alex",2020-09-21 10:20:55
"simon.rowe","https://public.tableau.com/profile/simon.rowe#!/vizhome/TigersMastersScorecards/MainDashboard",1600665964255,"https://public.tableau.com/static/images/Ti/TigersMastersScorecards/MainDashboard/1.png","https://public.tableau.com/thumb/views/TigersMastersScorecards/MainDashboard",2020-09-21 06:26:04
"michelle.frayman","https://public.tableau.com/profile/michelle.frayman#!/vizhome/MM2020Week38-LostinagoodbookV1/LostInAGoodBook",1600629783358,"https://public.tableau.com/static/images/MM/MM2020Week38-LostinagoodbookV1/LostInAGoodBook/1.png","https://public.tableau.com/thumb/views/MM2020Week38-LostinagoodbookV1/LostInAGoodBook",2020-09-20 20:23:03
"ross.easton","https://public.tableau.com/profile/ross.easton#!/vizhome/TameImpalaVisualised/Dashboard1",1600430035368,"https://public.tableau.com/static/images/Ta/TameImpalaVisualised/Dashboard1/1.png","https://public.tableau.com/thumb/views/TameImpalaVisualised/Dashboard1",2020-09-18 12:53:55
"eric.balash","https://public.tableau.com/profile/eric.balash#!/vizhome/WearaMask/WearaMask",1600353448663,"https://public.tableau.com/static/images/We/WearaMask/WearaMask/1.png","https://public.tableau.com/thumb/views/WearaMask/WearaMask",2020-09-17 15:37:28
"judit.bekker","https://public.tableau.com/profile/judit.bekker#!/vizhome/LadyGaga/LadyGaga",1600327751308,"https://public.tableau.com/static/images/La/LadyGaga/LadyGaga/1.png","https://public.tableau.com/thumb/views/LadyGaga/LadyGaga",2020-09-17 08:29:11
"sparsonsdataviz","https://public.tableau.com/profile/sparsonsdataviz#!/vizhome/ScottishTechCompanies_16002003221100/ScottishTech",1600200322108,"https://public.tableau.com/static/images/Sc/ScottishTechCompanies_16002003221100/ScottishTech/1.png","https://public.tableau.com/thumb/views/ScottishTechCompanies_16002003221100/ScottishTech",2020-09-15 21:05:22
"tam.s.varga","https://public.tableau.com/profile/tam.s.varga#!/vizhome/SchoolWorkforceGenderGap/SchoolWorkforceGenderGap",1600153923674,"https://public.tableau.com/static/images/Sc/SchoolWorkforceGenderGap/SchoolWorkforceGenderGap/1.png","https://public.tableau.com/thumb/views/SchoolWorkforceGenderGap/SchoolWorkforceGenderGap",2020-09-15 08:12:03
"josh.hughes","https://public.tableau.com/profile/josh.hughes#!/vizhome/SchoolWorkforce/Dashboard1",1600125352830,"https://public.tableau.com/static/images/Sc/SchoolWorkforce/Dashboard1/1.png","https://public.tableau.com/thumb/views/SchoolWorkforce/Dashboard1",2020-09-15 00:15:52
"ludovic.tavernier","https://public.tableau.com/profile/ludovic.tavernier#!/vizhome/OopstoBetter-Tables/table",1599748467699,"https://public.tableau.com/static/images/Oo/OopstoBetter-Tables/table/1.png","https://public.tableau.com/thumb/views/OopstoBetter-Tables/table",2020-09-10 15:34:27
"lokeshgosain9","https://public.tableau.com/profile/lokeshgosain9#!/vizhome/SnakesChutesLadders/Instructions-1",1599743389165,"https://public.tableau.com/static/images/Sn/SnakesChutesLadders/Instructions-1/1.png","https://public.tableau.com/thumb/views/SnakesChutesLadders/Instructions-1",2020-09-10 14:09:49
"david.borczuk","https://public.tableau.com/profile/david.borczuk#!/vizhome/RideshareinNYC/RideshareinNYC",1599690640311,"https://public.tableau.com/static/images/Ri/RideshareinNYC/RideshareinNYC/1.png","https://public.tableau.com/thumb/views/RideshareinNYC/RideshareinNYC",2020-09-09 23:30:40
"sarah.bartlett","https://public.tableau.com/profile/sarah.bartlett#!/vizhome/TheMythsLegendsHauntingBritain/HauntingBritain",1599509767753,"https://public.tableau.com/static/images/Th/TheMythsLegendsHauntingBritain/HauntingBritain/1.png","https://public.tableau.com/thumb/views/TheMythsLegendsHauntingBritain/HauntingBritain",2020-09-07 21:16:07
"fred6420","https://public.tableau.com/profile/fred6420#!/vizhome/TheDayLebanonChanged/TheDayLebanonChanged",1599497412522,"https://public.tableau.com/static/images/Th/TheDayLebanonChanged/TheDayLebanonChanged/1.png","https://public.tableau.com/thumb/views/TheDayLebanonChanged/TheDayLebanonChanged",2020-09-07 17:50:12
"soha.elghany","https://public.tableau.com/profile/soha.elghany#!/vizhome/CH-1_15994964287780/Dashboard26",1599496428775,"https://public.tableau.com/static/images/CH/CH-1_15994964287780/Dashboard2(6)/1.png","https://public.tableau.com/thumb/views/CH-1_15994964287780/Dashboard2(6)",2020-09-07 17:33:48
"jusdespommes","https://public.tableau.com/profile/jusdespommes#!/vizhome/IronViz-Coruna/Coruna",1599472638219,"https://public.tableau.com/static/images/Ir/IronViz-Coruna/Coruna/1.png","https://public.tableau.com/thumb/views/IronViz-Coruna/Coruna",2020-09-07 10:57:18
"sparsonsdataviz","https://public.tableau.com/profile/sparsonsdataviz#!/vizhome/The12LaboursofHeracles/The12LaboursofHeracles",1599472376607,"https://public.tableau.com/static/images/Th/The12LaboursofHeracles/The12LaboursofHeracles/1.png","https://public.tableau.com/thumb/views/The12LaboursofHeracles/The12LaboursofHeracles",2020-09-07 10:52:56
"keith.dykstra","https://public.tableau.com/profile/keith.dykstra#!/vizhome/PartnershipPotential/PartnershipPotential",1599007970169,"https://public.tableau.com/static/images/Pa/PartnershipPotential/PartnershipPotential/1.png","https://public.tableau.com/thumb/views/PartnershipPotential/PartnershipPotential",2020-09-02 01:52:50
"dzifa.amexo","https://public.tableau.com/profile/dzifa.amexo#!/vizhome/MM2020Week34_15983807285420/UnmetNeeds",1598988054257,"https://public.tableau.com/static/images/MM/MM2020Week34_15983807285420/UnmetNeeds/1.png","https://public.tableau.com/thumb/views/MM2020Week34_15983807285420/UnmetNeeds",2020-09-01 20:20:54
"brian.moore7221","https://public.tableau.com/profile/brian.moore7221#!/vizhome/TheSDGVizProject-Goal7PrimaryEnergyConsumption/EnergyConsumption",1598565680807,"https://public.tableau.com/static/images/Th/TheSDGVizProject-Goal7PrimaryEnergyConsumption/EnergyConsumption/1.png","https://public.tableau.com/thumb/views/TheSDGVizProject-Goal7PrimaryEnergyConsumption/EnergyConsumption",2020-08-27 23:01:20
"alexandervar","https://public.tableau.com/profile/alexandervar#!/vizhome/AfricaTileMap/AfricaMapLines",1598514368884,"https://public.tableau.com/static/images/Af/AfricaTileMap/AfricaMapLines/1.png","https://public.tableau.com/thumb/views/AfricaTileMap/AfricaMapLines",2020-08-27 08:46:08
"takafumi.shukuya","https://public.tableau.com/profile/takafumi.shukuya#!/vizhome/HarryPotterSpells_15978966010320/HarryPotterSpells",1598232481130,"https://public.tableau.com/static/images/Ha/HarryPotterSpells_15978966010320/HarryPotterSpells/1.png","https://public.tableau.com/thumb/views/HarryPotterSpells_15978966010320/HarryPotterSpells",2020-08-24 02:28:01
"david.borczuk","https://public.tableau.com/profile/david.borczuk#!/vizhome/PokemonGoPok-Analytics/PokemonGo",1598030218153,"https://public.tableau.com/static/images/Po/PokemonGoPok-Analytics/PokemonGo/1.png","https://public.tableau.com/thumb/views/PokemonGoPok-Analytics/PokemonGo",2020-08-21 18:16:58
"jeff.plattner4532","https://public.tableau.com/profile/jeff.plattner4532#!/vizhome/BlackLivesMatter2020NBAPlayoffs/BlackLivesMatter2020NBAPlayoffs",1598019607035,"https://public.tableau.com/static/images/Bl/BlackLivesMatter2020NBAPlayoffs/BlackLivesMatter|2020NBAPlayoffs/1.png","https://public.tableau.com/thumb/views/BlackLivesMatter2020NBAPlayoffs/BlackLivesMatter|2020NBAPlayoffs",2020-08-21 15:20:07
"satoshi.ganeko","https://public.tableau.com/profile/satoshi.ganeko#!/vizhome/Sigmoidwithtablecalculation/DB",1597823465864,"https://public.tableau.com/static/images/Si/Sigmoidwithtablecalculation/DB/1.png","https://public.tableau.com/thumb/views/Sigmoidwithtablecalculation/DB",2020-08-19 08:51:05
"fred6420","https://public.tableau.com/profile/fred6420#!/vizhome/Techcompaniesinscotland/TechcompaniesinScotland",1597795707941,"https://public.tableau.com/static/images/Te/Techcompaniesinscotland/TechcompaniesinScotland/1.png","https://public.tableau.com/thumb/views/Techcompaniesinscotland/TechcompaniesinScotland",2020-08-19 01:08:27
"abhishek.yeolekar","https://public.tableau.com/profile/abhishek.yeolekar#!/vizhome/W33_MOM_Scotland-TheStateofDigital/Dashboard1",1597733254686,"https://public.tableau.com/static/images/W3/W33_MOM_Scotland-TheStateofDigital/Dashboard1/1.png","https://public.tableau.com/thumb/views/W33_MOM_Scotland-TheStateofDigital/Dashboard1",2020-08-18 07:47:34
"brandon.fitz.gerald","https://public.tableau.com/profile/brandon.fitz.gerald#!/vizhome/MajorLeagueBaseballPlayerPerformances/Dashboard3",1597688801652,"https://public.tableau.com/static/images/Ma/MajorLeagueBaseballPlayerPerformances/Dashboard3/1.png","https://public.tableau.com/thumb/views/MajorLeagueBaseballPlayerPerformances/Dashboard3",2020-08-17 19:26:41
"chiaki.ishida","https://public.tableau.com/profile/chiaki.ishida#!/vizhome/MakeoverMonday2020W32BenefitsofRemoteWork_15975609080880/1",1597560908086,"https://public.tableau.com/static/images/Ma/MakeoverMonday2020W32BenefitsofRemoteWork_15975609080880/<U+30C0><U+30C3><U+30B7><U+30E5><U+30DC><U+30FC><U+30C9>1/1.png","https://public.tableau.com/thumb/views/MakeoverMonday2020W32BenefitsofRemoteWork_15975609080880/<U+30C0><U+30C3><U+30B7><U+30E5><U+30DC><U+30FC><U+30C9>1",2020-08-16 07:55:08
"jeff.plattner4532","https://public.tableau.com/profile/jeff.plattner4532#!/vizhome/KobePrint/Kobescoringradial",1597368911145,"https://public.tableau.com/static/images/Ko/KobePrint/Kobescoringradial/1.png","https://public.tableau.com/thumb/views/KobePrint/Kobescoringradial",2020-08-14 02:35:11
"daria5688","https://public.tableau.com/profile/daria5688#!/vizhome/Parameters_15854317405150/Parameters",1597347433191,"https://public.tableau.com/static/images/Pa/Parameters_15854317405150/Parameters/1.png","https://public.tableau.com/thumb/views/Parameters_15854317405150/Parameters",2020-08-13 20:37:13
"francisco4773","https://public.tableau.com/profile/francisco4773#!/vizhome/HorizontalSankeyTemplate_15969888927470/Final",1597014197564,"https://public.tableau.com/static/images/Ho/HorizontalSankeyTemplate_15969888927470/Final/1.png","https://public.tableau.com/thumb/views/HorizontalSankeyTemplate_15969888927470/Final",2020-08-10 00:03:17
"rutherford","https://public.tableau.com/profile/rutherford#!/vizhome/SchemaballTemplate/ChordChart",1596656364929,"https://public.tableau.com/static/images/Sc/SchemaballTemplate/ChordChart/1.png","https://public.tableau.com/thumb/views/SchemaballTemplate/ChordChart",2020-08-05 20:39:24
"thecfelix","https://public.tableau.com/profile/thecfelix#!/vizhome/IronVizTiesthatHeal-AVisualExplorationofSocialCapitalCOVID-19/IronVizTheTiesthatHeal-SocialCapitalandCOVID-19",1596609956645,"https://public.tableau.com/static/images/Ir/IronVizTiesthatHeal-AVisualExplorationofSocialCapitalCOVID-19/IronViz|TheTiesthatHeal-SocialCapitalandCOVID-19/1.png","https://public.tableau.com/thumb/views/IronVizTiesthatHeal-AVisualExplorationofSocialCapitalCOVID-19/IronViz|TheTiesthatHeal-SocialCapitalandCOVID-19",2020-08-05 07:45:56
"lindsay.betzendahl","https://public.tableau.com/profile/lindsay.betzendahl#!/vizhome/TheImportanceofSleep-IronViz2020mobileapp/Home",1596556513979,"https://public.tableau.com/static/images/Th/TheImportanceofSleep-IronViz2020mobileapp/Home/1.png","https://public.tableau.com/thumb/views/TheImportanceofSleep-IronViz2020mobileapp/Home",2020-08-04 16:55:13
"ashwin5188","https://public.tableau.com/profile/ashwin5188#!/vizhome/ThePowerofOne/ThePowerofOne",1596541357826,"https://public.tableau.com/static/images/Th/ThePowerofOne/ThePowerofOne/1.png","https://public.tableau.com/thumb/views/ThePowerofOne/ThePowerofOne",2020-08-04 12:42:37
"simon.beaumont","https://public.tableau.com/profile/simon.beaumont#!/vizhome/IronViz-TheHumanDevelopmentIndex/IronViz-TheHumanDevelopmentIndex2",1596538307700,"https://public.tableau.com/static/images/Ir/IronViz-TheHumanDevelopmentIndex/IronViz-TheHumanDevelopmentIndex(2)/1.png","https://public.tableau.com/thumb/views/IronViz-TheHumanDevelopmentIndex/IronViz-TheHumanDevelopmentIndex(2)",2020-08-04 11:51:47
"brandon.fitz.gerald","https://public.tableau.com/profile/brandon.fitz.gerald#!/vizhome/UKVisitsAbroadMakeoverMonday2020Week31/Dashboard1",1596529458876,"https://public.tableau.com/static/images/UK/UKVisitsAbroadMakeoverMonday2020Week31/Dashboard1/1.png","https://public.tableau.com/thumb/views/UKVisitsAbroadMakeoverMonday2020Week31/Dashboard1",2020-08-04 09:24:18
"rincon","https://public.tableau.com/profile/rincon#!/vizhome/Arewemissinganewopportunityfortheworld/Didwemissedanopportunity3",1596377291569,"https://public.tableau.com/static/images/Ar/Arewemissinganewopportunityfortheworld/Didwemissedanopportunity?(3)/1.png","https://public.tableau.com/thumb/views/Arewemissinganewopportunityfortheworld/Didwemissedanopportunity?(3)",2020-08-02 15:08:11
"evelina.judeikyte","https://public.tableau.com/profile/evelina.judeikyte#!/vizhome/WomeninParliament_15959436503800/D2",1596362481613,"https://public.tableau.com/static/images/Wo/WomeninParliament_15959436503800/D(2)/1.png","https://public.tableau.com/thumb/views/WomeninParliament_15959436503800/D(2)",2020-08-02 11:01:21
"satoshi.ganeko","https://public.tableau.com/profile/satoshi.ganeko#!/vizhome/20200721MOM/Title",1596351956145,"https://public.tableau.com/static/images/20/20200721MOM/Title/1.png","https://public.tableau.com/thumb/views/20200721MOM/Title",2020-08-02 08:05:56
"lindsay.betzendahl","https://public.tableau.com/profile/lindsay.betzendahl#!/vizhome/PoisonExposures2018AAPCC/PoisonExposures",1596155467509,"https://public.tableau.com/static/images/Po/PoisonExposures2018AAPCC/PoisonExposures/1.png","https://public.tableau.com/thumb/views/PoisonExposures2018AAPCC/PoisonExposures",2020-07-31 01:31:07
"thi.ho","https://public.tableau.com/profile/thi.ho#!/vizhome/ADoctor_APandemic_AMentalHealthBattle_/Adoctor_Apandemic_Amentalhealthbattle_",1596137707140,"https://public.tableau.com/static/images/AD/ADoctor_APandemic_AMentalHealthBattle_/Adoctor.Apandemic.Amentalhealthbattle./1.png","https://public.tableau.com/thumb/views/ADoctor_APandemic_AMentalHealthBattle_/Adoctor.Apandemic.Amentalhealthbattle.",2020-07-30 20:35:07
"marian.eerens","https://public.tableau.com/profile/marian.eerens#!/vizhome/IButtons/Cover",1596038720479,"https://public.tableau.com/static/images/IB/IButtons/Cover/1.png","https://public.tableau.com/thumb/views/IButtons/Cover",2020-07-29 17:05:20
"zach.bowders","https://public.tableau.com/profile/zach.bowders#!/vizhome/CMYK-AStoryofComicsColorPrintingRepresentation/CMYK",1596031961171,"https://public.tableau.com/static/images/CM/CMYK-AStoryofComicsColorPrintingRepresentation/CMYK/1.png","https://public.tableau.com/thumb/views/CMYK-AStoryofComicsColorPrintingRepresentation/CMYK",2020-07-29 15:12:41
"sarah.bartlett","https://public.tableau.com/profile/sarah.bartlett#!/vizhome/WomeninPowerViz5_15959749285240/WomeninPower",1596013162336,"https://public.tableau.com/static/images/Wo/WomeninPowerViz5_15959749285240/WomeninPower/1.png","https://public.tableau.com/thumb/views/WomeninPowerViz5_15959749285240/WomeninPower",2020-07-29 09:59:22
"wendy.shijia","https://public.tableau.com/profile/wendy.shijia#!/vizhome/Waterlevels_15959834780450/map",1595983478042,"https://public.tableau.com/static/images/Wa/Waterlevels_15959834780450/map/1.png","https://public.tableau.com/thumb/views/Waterlevels_15959834780450/map",2020-07-29 01:44:38
"kasia.gasiewska.holc","https://public.tableau.com/profile/kasia.gasiewska.holc#!/vizhome/Swarmingoutofcontrol/Swarmingoutofcontrol",1595884127072,"https://public.tableau.com/static/images/Sw/Swarmingoutofcontrol/Swarmingoutofcontrol/1.png","https://public.tableau.com/thumb/views/Swarmingoutofcontrol/Swarmingoutofcontrol",2020-07-27 22:08:47
"takafumi.shukuya","https://public.tableau.com/profile/takafumi.shukuya#!/vizhome/MoM2020W29AcceptanceofHomosexuality/MoM2020_W29",1595513064140,"https://public.tableau.com/static/images/Mo/MoM2020W29AcceptanceofHomosexuality/MoM2020_W29/1.png","https://public.tableau.com/thumb/views/MoM2020W29AcceptanceofHomosexuality/MoM2020_W29",2020-07-23 15:04:24
"yoshihito.kimura","https://public.tableau.com/profile/yoshihito.kimura#!/vizhome/MakeOverMonday15_15950811360640/Presentation",1595179959671,"https://public.tableau.com/static/images/Ma/MakeOverMonday15_15950811360640/Presentation/1.png","https://public.tableau.com/thumb/views/MakeOverMonday15_15950811360640/Presentation",2020-07-19 18:32:39
"ratnesh2928","https://public.tableau.com/profile/ratnesh2928#!/vizhome/DataStorytellingaModern-dayNirvana_R1/DataStorytelling",1594967455365,"https://public.tableau.com/static/images/Da/DataStorytellingaModern-dayNirvana_R1/DataStorytelling/1.png","https://public.tableau.com/thumb/views/DataStorytellingaModern-dayNirvana_R1/DataStorytelling",2020-07-17 07:30:55
"marta.sanowska","https://public.tableau.com/profile/marta.sanowska#!/vizhome/Drill-downoptions/6waystodrilldown",1594471321001,"https://public.tableau.com/static/images/Dr/Drill-downoptions/6waystodrilldown/1.png","https://public.tableau.com/thumb/views/Drill-downoptions/6waystodrilldown",2020-07-11 13:42:01
"tam.s.varga","https://public.tableau.com/profile/tam.s.varga#!/vizhome/Accesstowaterandsantitation/Accesstowaterandsanitation",1594460782574,"https://public.tableau.com/static/images/Ac/Accesstowaterandsantitation/Accesstowaterandsanitation/1.png","https://public.tableau.com/thumb/views/Accesstowaterandsantitation/Accesstowaterandsanitation",2020-07-11 10:46:22
"ysamano","https://public.tableau.com/profile/ysamano#!/vizhome/makeovermonday_week_26/WBLIndex",1594442418024,"https://public.tableau.com/static/images/ma/makeovermonday_week_26/WBLIndex/1.png","https://public.tableau.com/thumb/views/makeovermonday_week_26/WBLIndex",2020-07-11 05:40:18
"liam2029","https://public.tableau.com/profile/liam2029#!/vizhome/CommonMentalDisorder-MakeoverMondaywk27/Dashboard1",1594073762799,"https://public.tableau.com/static/images/Co/CommonMentalDisorder-MakeoverMondaywk27/Dashboard1/1.png","https://public.tableau.com/thumb/views/CommonMentalDisorder-MakeoverMondaywk27/Dashboard1",2020-07-06 23:16:02
"daria5688","https://public.tableau.com/profile/daria5688#!/vizhome/CustomerChurnAnalysis_15939213797380/1",1593921662848,"https://public.tableau.com/static/images/Cu/CustomerChurnAnalysis_15939213797380/1/1.png","https://public.tableau.com/thumb/views/CustomerChurnAnalysis_15939213797380/1",2020-07-05 05:01:02
"pradeepkumar.g","https://public.tableau.com/profile/pradeepkumar.g#!/vizhome/ASCIISYMBOLSUSECASES/asciisymbols-usecases",1592834989911,"https://public.tableau.com/static/images/AS/ASCIISYMBOLSUSECASES/asciisymbols-usecases/1.png","https://public.tableau.com/thumb/views/ASCIISYMBOLSUSECASES/asciisymbols-usecases",2020-06-22 15:09:49
"simon.beaumont","https://public.tableau.com/profile/simon.beaumont#!/vizhome/SportsVizSundayRocketsvSpurs-13pointsin33seconds/SportsVizSundayRocketsvSpurs-13pointsin33seconds",1592134021055,"https://public.tableau.com/static/images/Sp/SportsVizSundayRocketsvSpurs-13pointsin33seconds/SportsVizSunday:RocketsvSpurs-13pointsin33seconds/1.png","https://public.tableau.com/thumb/views/SportsVizSundayRocketsvSpurs-13pointsin33seconds/SportsVizSunday:RocketsvSpurs-13pointsin33seconds",2020-06-14 12:27:01
"mark.connolly","https://public.tableau.com/profile/mark.connolly#!/vizhome/TableauTalent/TableauTalentFinder",1591369362626,"https://public.tableau.com/static/images/Ta/TableauTalent/TableauTalentFinder/1.png","https://public.tableau.com/thumb/views/TableauTalent/TableauTalentFinder",2020-06-05 16:02:42
"pratik4421","https://public.tableau.com/profile/pratik4421#!/vizhome/MMAdmissionstoSafeHousesinTanzania/MMADMISSIONSTOSAFEHOUSESINTANZANIA",1591288439471,"https://public.tableau.com/static/images/MM/MMAdmissionstoSafeHousesinTanzania/[MM]ADMISSIONSTOSAFEHOUSESINTANZANIA/1.png","https://public.tableau.com/thumb/views/MMAdmissionstoSafeHousesinTanzania/[MM]ADMISSIONSTOSAFEHOUSESINTANZANIA",2020-06-04 17:33:59
"fredfery","https://public.tableau.com/profile/fredfery#!/vizhome/My1000Runs/1000Runs",1591145908804,"https://public.tableau.com/static/images/My/My1000Runs/1000Runs/1.png","https://public.tableau.com/thumb/views/My1000Runs/1000Runs",2020-06-03 01:58:28
"soha.elghany","https://public.tableau.com/profile/soha.elghany#!/vizhome/astronautstars/Dashboard1",1590603524390,"https://public.tableau.com/static/images/as/astronautstars/Dashboard1/1.png","https://public.tableau.com/thumb/views/astronautstars/Dashboard1",2020-05-27 19:18:44
"steven.shoemaker","https://public.tableau.com/profile/steven.shoemaker#!/vizhome/TheMusicBiz/MusicIndustrySales",1590426138361,"https://public.tableau.com/static/images/Th/TheMusicBiz/MusicIndustrySales/1.png","https://public.tableau.com/thumb/views/TheMusicBiz/MusicIndustrySales",2020-05-25 18:02:18
"dzifa.amexo","https://public.tableau.com/profile/dzifa.amexo#!/vizhome/DzifaAmexoInteractiveResume/DzifaAmexoInteractiveResume",1589300728831,"https://public.tableau.com/static/images/Dz/DzifaAmexoInteractiveResume/DzifaAmexoInteractiveResume/1.png","https://public.tableau.com/thumb/views/DzifaAmexoInteractiveResume/DzifaAmexoInteractiveResume",2020-05-12 17:25:28
"pratik4421","https://public.tableau.com/profile/pratik4421#!/vizhome/MMMESSIvsRONALDOSTATS/MM15MESSIvsRONALDOSTATS",1587056435156,"https://public.tableau.com/static/images/MM/MMMESSIvsRONALDOSTATS/[MM15]MESSIvsRONALDOSTATS/1.png","https://public.tableau.com/thumb/views/MMMESSIvsRONALDOSTATS/[MM15]MESSIvsRONALDOSTATS",2020-04-16 18:00:35
"nisamara","https://public.tableau.com/profile/nisamara#!/vizhome/SquirrelcensusCentralParkNYC/SquirrelinNYC",1586991375554,"https://public.tableau.com/static/images/Sq/SquirrelcensusCentralParkNYC/SquirrelinNYC/1.png","https://public.tableau.com/thumb/views/SquirrelcensusCentralParkNYC/SquirrelinNYC",2020-04-15 23:56:15
"kevin.flerlage","https://public.tableau.com/profile/kevin.flerlage#!/vizhome/TORNADO/Tornado",1586541506379,"https://public.tableau.com/static/images/TO/TORNADO/Tornado/1.png","https://public.tableau.com/thumb/views/TORNADO/Tornado",2020-04-10 18:58:26
"david.borczuk","https://public.tableau.com/profile/david.borczuk#!/vizhome/TheAdventuresofLewisandClark/Dashboard1",1586442883175,"https://public.tableau.com/static/images/Th/TheAdventuresofLewisandClark/Dashboard1/1.png","https://public.tableau.com/thumb/views/TheAdventuresofLewisandClark/Dashboard1",2020-04-09 15:34:43
"pratik4421","https://public.tableau.com/profile/pratik4421#!/vizhome/WOW9REORDERRATE/WOW9REORDERRATE",1586376513390,"https://public.tableau.com/static/images/WO/WOW9REORDERRATE/[WOW9]REORDERRATE/1.png","https://public.tableau.com/thumb/views/WOW9REORDERRATE/[WOW9]REORDERRATE",2020-04-08 21:08:33
"adam.green4310","https://public.tableau.com/profile/adam.green4310#!/vizhome/HisforHorses/HforHorses",1586261469538,"https://public.tableau.com/static/images/Hi/HisforHorses/HforHorses/1.png","https://public.tableau.com/thumb/views/HisforHorses/HforHorses",2020-04-07 13:11:09
"richard.speigal","https://public.tableau.com/profile/richard.speigal#!/vizhome/TheColourofEnterprise/ColourofEnterprise",1585979387032,"https://public.tableau.com/static/images/Th/TheColourofEnterprise/ColourofEnterprise/1.png","https://public.tableau.com/thumb/views/TheColourofEnterprise/ColourofEnterprise",2020-04-04 06:49:47
"judit.bekker","https://public.tableau.com/profile/judit.bekker#!/vizhome/Itallendswithus-IMDBratingsofthetop15series/TopseriesIMDB",1584825395452,"https://public.tableau.com/static/images/It/Itallendswithus-IMDBratingsofthetop15series/TopseriesIMDB/1.png","https://public.tableau.com/thumb/views/Itallendswithus-IMDBratingsofthetop15series/TopseriesIMDB",2020-03-21 21:16:35
"fuadahmed","https://public.tableau.com/profile/fuadahmed#!/vizhome/TheTableauBookofCalcs_15670096188850/TitlePage",1583863633465,"https://public.tableau.com/static/images/Th/TheTableauBookofCalcs_15670096188850/TitlePage/1.png","https://public.tableau.com/thumb/views/TheTableauBookofCalcs_15670096188850/TitlePage",2020-03-10 18:07:13
"alexandervar","https://public.tableau.com/profile/alexandervar#!/vizhome/BeautifulBars/BarChart",1582873755180,"https://public.tableau.com/static/images/Be/BeautifulBars/BarChart/1.png","https://public.tableau.com/thumb/views/BeautifulBars/BarChart",2020-02-28 07:09:15
"ken.flerlage","https://public.tableau.com/profile/ken.flerlage#!/vizhome/20UseCasesforLODCalculations/00",1582135762992,"https://public.tableau.com/static/images/20/20UseCasesforLODCalculations/00/1.png","https://public.tableau.com/thumb/views/20UseCasesforLODCalculations/00",2020-02-19 18:09:22
"jeremy.arendt","https://public.tableau.com/profile/jeremy.arendt#!/vizhome/StateTaxRates_15820631397400/StateTax",1582122667714,"https://public.tableau.com/static/images/St/StateTaxRates_15820631397400/StateTax/1.png","https://public.tableau.com/thumb/views/StateTaxRates_15820631397400/StateTax",2020-02-19 14:31:07
"david.borczuk","https://public.tableau.com/profile/david.borczuk#!/vizhome/MakeoverMondayWeek6TheInterminableConflict/Dashboard1",1581370398827,"https://public.tableau.com/static/images/Ma/MakeoverMondayWeek6TheInterminableConflict/Dashboard1/1.png","https://public.tableau.com/thumb/views/MakeoverMondayWeek6TheInterminableConflict/Dashboard1",2020-02-10 21:33:18
"david.pires","https://public.tableau.com/profile/david.pires#!/vizhome/TemplateVoronoiTreemap_15806646981990/WWESalaries",1580664698197,"https://public.tableau.com/static/images/Te/TemplateVoronoiTreemap_15806646981990/WWESalaries/1.png","https://public.tableau.com/thumb/views/TemplateVoronoiTreemap_15806646981990/WWESalaries",2020-02-02 17:31:38
"alexandervar","https://public.tableau.com/profile/alexandervar#!/vizhome/TableauLego/LegoHouse",1580116449620,"https://public.tableau.com/static/images/Ta/TableauLego/LegoHouse/1.png","https://public.tableau.com/thumb/views/TableauLego/LegoHouse",2020-01-27 09:14:09
"hesham3827","https://public.tableau.com/profile/hesham3827#!/vizhome/TheGlobalJourneyofRefugees/TheGlobalJourneyofRefugees",1580030499785,"https://public.tableau.com/static/images/Th/TheGlobalJourneyofRefugees/TheGlobalJourneyofRefugees/1.png","https://public.tableau.com/thumb/views/TheGlobalJourneyofRefugees/TheGlobalJourneyofRefugees",2020-01-26 09:21:39
"guillevin","https://public.tableau.com/profile/guillevin#!/vizhome/Template-NetworkGraph/SimpleNetworkGraph",1576506512284,"https://public.tableau.com/static/images/Te/Template-NetworkGraph/SimpleNetworkGraph/1.png","https://public.tableau.com/thumb/views/Template-NetworkGraph/SimpleNetworkGraph",2019-12-16 14:28:32
"adam.e.mccann","https://public.tableau.com/profile/adam.e.mccann#!/vizhome/25YearsofHurricanes/HurricaneInfographic",1575602785318,"https://public.tableau.com/static/images/25/25YearsofHurricanes/HurricaneInfographic/1.png","https://public.tableau.com/thumb/views/25YearsofHurricanes/HurricaneInfographic",2019-12-06 03:26:25
"ann.jackson","https://public.tableau.com/profile/ann.jackson#!/vizhome/WorkoutWednesday2019Week44SalesCalendar/WorkoutWednesdayWeek44SalesCalendar",1572400518791,"https://public.tableau.com/static/images/Wo/WorkoutWednesday2019Week44SalesCalendar/WorkoutWednesdayWeek44|SalesCalendar/1.png","https://public.tableau.com/thumb/views/WorkoutWednesday2019Week44SalesCalendar/WorkoutWednesdayWeek44|SalesCalendar",2019-10-30 01:55:18
"ellen4268","https://public.tableau.com/profile/ellen4268#!/vizhome/Top200LGBTQfilms2/Dashboard1",1571397172123,"https://public.tableau.com/static/images/To/Top200LGBTQfilms2/Dashboard1/1.png","https://public.tableau.com/thumb/views/Top200LGBTQfilms2/Dashboard1",2019-10-18 12:12:52
"toan.hoang","https://public.tableau.com/profile/toan.hoang#!/vizhome/FermatSpiralChart/FermatSpiral",1571301444453,"https://public.tableau.com/static/images/Fe/FermatSpiralChart/FermatSpiral/1.png","https://public.tableau.com/thumb/views/FermatSpiralChart/FermatSpiral",2019-10-17 09:37:24
"stanke","https://public.tableau.com/profile/stanke#!/vizhome/IstheTrumpStockMarkettheBestinUSHistory/Analysis",1571018574271,"https://public.tableau.com/static/images/Is/IstheTrumpStockMarkettheBestinUSHistory/Analysis/1.png","https://public.tableau.com/thumb/views/IstheTrumpStockMarkettheBestinUSHistory/Analysis",2019-10-14 03:02:54
"toan.hoang","https://public.tableau.com/profile/toan.hoang#!/vizhome/CoxcombCharts/CoxcombChart",1570992786229,"https://public.tableau.com/static/images/Co/CoxcombCharts/CoxcombChart/1.png","https://public.tableau.com/thumb/views/CoxcombCharts/CoxcombChart",2019-10-13 19:53:06
"james3937","https://public.tableau.com/profile/james3937#!/vizhome/TableauFontandColourGuide/Dashboard1",1569930959400,"https://public.tableau.com/static/images/Ta/TableauFontandColourGuide/Dashboard1/1.png","https://public.tableau.com/thumb/views/TableauFontandColourGuide/Dashboard1",2019-10-01 12:55:59
"kevin.flerlage","https://public.tableau.com/profile/kevin.flerlage#!/vizhome/TheTableauChartCatalog/TableauChartExamples",1567004143656,"https://public.tableau.com/static/images/Th/TheTableauChartCatalog/TableauChartExamples/1.png","https://public.tableau.com/thumb/views/TheTableauChartCatalog/TableauChartExamples",2019-08-28 15:55:43
"pratik4421","https://public.tableau.com/profile/pratik4421#!/vizhome/MMChangingInterfaceforGaming/MMChangeinUse",1566790492677,"https://public.tableau.com/static/images/MM/MMChangingInterfaceforGaming/[MM]ChangeinUse/1.png","https://public.tableau.com/thumb/views/MMChangingInterfaceforGaming/[MM]ChangeinUse",2019-08-26 04:34:52
"sports.chord","https://public.tableau.com/profile/sports.chord#!/vizhome/VisualHistoryofF1Tableau/VisualHistoryofFormula1Tableau",1563920038714,"https://public.tableau.com/static/images/Vi/VisualHistoryofF1Tableau/VisualHistoryofFormula1Tableau/1.png","https://public.tableau.com/thumb/views/VisualHistoryofF1Tableau/VisualHistoryofFormula1Tableau",2019-07-23 23:13:58
"jay.yeo1218","https://public.tableau.com/profile/jay.yeo1218#!/vizhome/BTS_Lyrics/BTSLyrics",1563779039535,"https://public.tableau.com/static/images/BT/BTS_Lyrics/BTSLyrics/1.png","https://public.tableau.com/thumb/views/BTS_Lyrics/BTSLyrics",2019-07-22 08:03:59
"neil.richards","https://public.tableau.com/profile/neil.richards#!/vizhome/pachelbel_15626262268750/pachelbelmulti",1562673432938,"https://public.tableau.com/static/images/pa/pachelbel_15626262268750/pachelbelmulti/1.png","https://public.tableau.com/thumb/views/pachelbel_15626262268750/pachelbelmulti",2019-07-09 12:57:12
"claire.folks","https://public.tableau.com/profile/claire.folks#!/vizhome/ThePeriodicTableauofTypefaces/Chapter1",1561057023433,"https://public.tableau.com/static/images/Th/ThePeriodicTableauofTypefaces/Chapter1/1.png","https://public.tableau.com/thumb/views/ThePeriodicTableauofTypefaces/Chapter1",2019-06-20 19:57:03
"chandra","https://public.tableau.com/profile/chandra#!/vizhome/SankeyChartServer-LinkedServer/SankeyMinimalTemplate",1560442059080,"https://public.tableau.com/static/images/Sa/SankeyChartServer-LinkedServer/SankeyMinimalTemplate/1.png","https://public.tableau.com/thumb/views/SankeyChartServer-LinkedServer/SankeyMinimalTemplate",2019-06-13 17:07:39
"eve.thomas","https://public.tableau.com/profile/eve.thomas#!/vizhome/SavetheRhino_15577027772910/Dashboard2",1557762547507,"https://public.tableau.com/static/images/Sa/SavetheRhino_15577027772910/Dashboard2/1.png","https://public.tableau.com/thumb/views/SavetheRhino_15577027772910/Dashboard2",2019-05-13 16:49:07
"datajackalope","https://public.tableau.com/profile/datajackalope#!/vizhome/FollowingtheInfinityStones-InteractiveSnap/Dashboard12",1553027532390,"https://public.tableau.com/static/images/Fo/FollowingtheInfinityStones-InteractiveSnap/Dashboard1(2)/1.png","https://public.tableau.com/thumb/views/FollowingtheInfinityStones-InteractiveSnap/Dashboard1(2)",2019-03-19 20:32:12
"adam.e.mccann","https://public.tableau.com/profile/adam.e.mccann#!/vizhome/GOTTernary/GOTTernary",1550628545898,"https://public.tableau.com/static/images/GO/GOTTernary/GOTTernary/1.png","https://public.tableau.com/thumb/views/GOTTernary/GOTTernary",2019-02-20 02:09:05
"jeremy.arendt","https://public.tableau.com/profile/jeremy.arendt#!/vizhome/LODTraining_0/UsingLODExpressionstoAggregateDataatDifferentLevelsofGranularity",1549488152823,"https://public.tableau.com/static/images/LO/LODTraining_0/UsingLODExpressionstoAggregateDataatDifferentLevelsofGranularity/1.png","https://public.tableau.com/thumb/views/LODTraining_0/UsingLODExpressionstoAggregateDataatDifferentLevelsofGranularity",2019-02-06 21:22:32
"adam.e.mccann","https://public.tableau.com/profile/adam.e.mccann#!/vizhome/GameofThrones_4/GameofThrones",1549159607740,"https://public.tableau.com/static/images/Ga/GameofThrones_4/GameofThrones/1.png","https://public.tableau.com/thumb/views/GameofThrones_4/GameofThrones",2019-02-03 02:06:47
"ratnesh2928","https://public.tableau.com/profile/ratnesh2928#!/vizhome/Kumbh2019/Kumbh2019",1547923338660,"https://public.tableau.com/static/images/Ku/Kumbh2019/Kumbh2019/1.png","https://public.tableau.com/thumb/views/Kumbh2019/Kumbh2019",2019-01-19 18:42:18
"simon.beaumont","https://public.tableau.com/profile/simon.beaumont#!/vizhome/SportsVizSunday-2019SportingCalendar/SportsVizSunday-2019SportingCalendar",1546795656311,"https://public.tableau.com/static/images/Sp/SportsVizSunday-2019SportingCalendar/SportsVizSunday-2019SportingCalendar/1.png","https://public.tableau.com/thumb/views/SportsVizSunday-2019SportingCalendar/SportsVizSunday-2019SportingCalendar",2019-01-06 17:27:36
"ken.flerlage","https://public.tableau.com/profile/ken.flerlage#!/vizhome/USBirthsbyDay/Births",1546307572052,"https://public.tableau.com/static/images/US/USBirthsbyDay/Births/1.png","https://public.tableau.com/thumb/views/USBirthsbyDay/Births",2019-01-01 01:52:52
"spencer.baucke","https://public.tableau.com/profile/spencer.baucke#!/vizhome/1860CensusSlaveryMap/1860CensusSlaveryMap",1543695274286,"https://public.tableau.com/static/images/18/1860CensusSlaveryMap/1860CensusSlaveryMap/1.png","https://public.tableau.com/thumb/views/1860CensusSlaveryMap/1860CensusSlaveryMap",2018-12-01 20:14:34
"soha.elghany","https://public.tableau.com/profile/soha.elghany#!/vizhome/Journalistdyringacrosstheworld/journalistdeath",1543273628306,"https://public.tableau.com/static/images/Jo/Journalistdyringacrosstheworld/journalistdeath/1.png","https://public.tableau.com/thumb/views/Journalistdyringacrosstheworld/journalistdeath",2018-11-26 23:07:08
"neil.richards","https://public.tableau.com/profile/neil.richards#!/vizhome/TUGdataportraits/Portraits",1541534592929,"https://public.tableau.com/static/images/TU/TUGdataportraits/Portraits/1.png","https://public.tableau.com/thumb/views/TUGdataportraits/Portraits",2018-11-06 20:03:12
"kritdikoon.woraitthinan","https://public.tableau.com/profile/kritdikoon.woraitthinan#!/vizhome/Book1_v10_4/AnalysisLibrary",1540009203109,"https://public.tableau.com/static/images/Bo/Book1_v10_4/AnalysisLibrary/1.png","https://public.tableau.com/thumb/views/Book1_v10_4/AnalysisLibrary",2018-10-20 05:20:03
"staticum","https://public.tableau.com/profile/staticum#!/vizhome/THEMAKEOVERMONDAYNET/Dashboard1",1536542799952,"https://public.tableau.com/static/images/TH/THEMAKEOVERMONDAYNET/Dashboard1/1.png","https://public.tableau.com/thumb/views/THEMAKEOVERMONDAYNET/Dashboard1",2018-09-10 02:26:39
"robradburn","https://public.tableau.com/profile/robradburn#!/vizhome/TourDeFrance2018/TourDeFrance2018",1532885759663,"https://public.tableau.com/static/images/To/TourDeFrance2018/TourDeFrance2018/1.png","https://public.tableau.com/thumb/views/TourDeFrance2018/TourDeFrance2018",2018-07-29 18:35:59
"harpreetghuman","https://public.tableau.com/profile/harpreetghuman#!/vizhome/Wimbledon2018_0/Wimbledon2018",1532063227949,"https://public.tableau.com/static/images/Wi/Wimbledon2018_0/Wimbledon2018/1.png","https://public.tableau.com/thumb/views/Wimbledon2018_0/Wimbledon2018",2018-07-20 06:07:07
"harpreetghuman","https://public.tableau.com/profile/harpreetghuman#!/vizhome/MarchMadnessCircularBracket2018/MarchMadness2018",1522733444952,"https://public.tableau.com/static/images/Ma/MarchMadnessCircularBracket2018/MarchMadness2018/1.png","https://public.tableau.com/thumb/views/MarchMadnessCircularBracket2018/MarchMadness2018",2018-04-03 06:30:44
"sarah.bartlett","https://public.tableau.com/profile/sarah.bartlett#!/vizhome/EuropeanCitiesonaBudget/EuropeanCitiesonaBudget",1522704707097,"https://public.tableau.com/static/images/Eu/EuropeanCitiesonaBudget/EuropeanCitiesonaBudget/1.png","https://public.tableau.com/thumb/views/EuropeanCitiesonaBudget/EuropeanCitiesonaBudget",2018-04-02 22:31:47
"pablosdt","https://public.tableau.com/profile/pablosdt#!/vizhome/Qualityoflifein85Europeancities/Qualityoflifein87Europeancities",1522434466996,"https://public.tableau.com/static/images/Qu/Qualityoflifein85Europeancities/Qualityoflifein87Europeancities/1.png","https://public.tableau.com/thumb/views/Qualityoflifein85Europeancities/Qualityoflifein87Europeancities",2018-03-30 19:27:46
"naveen4098","https://public.tableau.com/profile/naveen4098#!/vizhome/TableauServerFolderStructure/TableauServerFolderStructure",1517942727102,"https://public.tableau.com/static/images/Ta/TableauServerFolderStructure/TableauServerFolderStructure/1.png","https://public.tableau.com/thumb/views/TableauServerFolderStructure/TableauServerFolderStructure",2018-02-06 18:45:27
"kizley.benedict","https://public.tableau.com/profile/kizley.benedict#!/vizhome/TheWorldAs100PeopleMakeoverMonday/100people",1511902360410,"https://public.tableau.com/static/images/Th/TheWorldAs100PeopleMakeoverMonday/100people/1.png","https://public.tableau.com/thumb/views/TheWorldAs100PeopleMakeoverMonday/100people",2017-11-28 20:52:40
"simon.beaumont","https://public.tableau.com/profile/simon.beaumont#!/vizhome/UKHealthTUG-DevelopingaTableauCentreofExcellence/Welcome",1508161390050,"https://public.tableau.com/static/images/UK/UKHealthTUG-DevelopingaTableauCentreofExcellence/Welcome/1.png","https://public.tableau.com/thumb/views/UKHealthTUG-DevelopingaTableauCentreofExcellence/Welcome",2017-10-16 14:43:10
"rody.zakovich","https://public.tableau.com/profile/rody.zakovich#!/vizhome/DisneyVsPixar/PixarvsDisney",1505923687135,"https://public.tableau.com/static/images/Di/DisneyVsPixar/PixarvsDisney/1.png","https://public.tableau.com/thumb/views/DisneyVsPixar/PixarvsDisney",2017-09-20 17:08:07
"vecch.lea","https://public.tableau.com/profile/vecch.lea#!/vizhome/GODS_0/Gods",1505219877788,"https://public.tableau.com/static/images/GO/GODS_0/Gods/1.png","https://public.tableau.com/thumb/views/GODS_0/Gods",2017-09-12 13:37:57
"mikevizneros","https://public.tableau.com/profile/mikevizneros#!/vizhome/LOOKUPValue/LOOKUPValue",1503434169405,"https://public.tableau.com/static/images/LO/LOOKUPValue/LOOKUPValue/1.png","https://public.tableau.com/thumb/views/LOOKUPValue/LOOKUPValue",2017-08-22 21:36:09
"russell.spangler","https://public.tableau.com/profile/russell.spangler#!/vizhome/EndangeredTigers-CatsWithoutAHome-Tableau/Tigerz",1498659984190,"https://public.tableau.com/static/images/En/EndangeredTigers-CatsWithoutAHome-Tableau/Tigerz/1.png","https://public.tableau.com/thumb/views/EndangeredTigers-CatsWithoutAHome-Tableau/Tigerz",2017-06-28 15:26:24
"jay.yeo1218","https://public.tableau.com/profile/jay.yeo1218#!/vizhome/20170117_0/SafetyIndex",1485670103088,"https://public.tableau.com/static/images/20/20170117_0/<U+C548><U+C804><U+C9C0><U+C218><U+B4F1><U+AE09>SafetyIndex/1.png","https://public.tableau.com/thumb/views/20170117_0/<U+C548><U+C804><U+C9C0><U+C218><U+B4F1><U+AE09>SafetyIndex",2017-01-29 06:08:23
"keith.helfrich","https://public.tableau.com/profile/keith.helfrich#!/vizhome/TC16TwitterNetworks/Topics",1479336516161,"https://public.tableau.com/static/images/TC/TC16TwitterNetworks/Topics/1.png","https://public.tableau.com/thumb/views/TC16TwitterNetworks/Topics",2016-11-16 22:48:36
"programa.estado.de.la.naci.n","https://public.tableau.com/profile/programa.estado.de.la.naci.n#!/vizhome/InstitucionalidadenCostaRica_0/Story1",1473634499245,"https://public.tableau.com/static/images/In/InstitucionalidadenCostaRica_0/Story1/1.png","https://public.tableau.com/thumb/views/InstitucionalidadenCostaRica_0/Story1",2016-09-11 23:54:59
"poojagandhi","https://public.tableau.com/profile/poojagandhi#!/vizhome/GlobalWarming_1/GlobalWarming",1463524745449,"https://public.tableau.com/static/images/Gl/GlobalWarming_1/GlobalWarming/1.png","https://public.tableau.com/thumb/views/GlobalWarming_1/GlobalWarming",2016-05-17 23:39:05
"matt.chambers","https://public.tableau.com/profile/matt.chambers#!/vizhome/HeatmapHierarchyDrillDown/HeatmapCategorySub-CategoryDrilldown",1448943965899,"https://public.tableau.com/static/images/He/HeatmapHierarchyDrillDown/HeatmapCategory/Sub-CategoryDrilldown/1.png","https://public.tableau.com/thumb/views/HeatmapHierarchyDrillDown/HeatmapCategory/Sub-CategoryDrilldown",2015-12-01 04:26:05
"rj.andrews","https://public.tableau.com/profile/rj.andrews#!/vizhome/ENDANGEREDSAFARI/ENDANGEREDSAFARI",1431397622301,"https://public.tableau.com/static/images/EN/ENDANGEREDSAFARI/ENDANGEREDSAFARI/1.png","https://public.tableau.com/thumb/views/ENDANGEREDSAFARI/ENDANGEREDSAFARI",2015-05-12 03:27:02
"kelly","https://public.tableau.com/profile/kelly#!/vizhome/BasicStats/Distributions",1338874818000,"https://public.tableau.com/static/images/Ba/BasicStats/Distributions/1.png","https://public.tableau.com/thumb/views/BasicStats/Distributions",2012-06-05 06:40:18
